GEOID,district
17001000100,15
17001000201,15
17001000202,15
17001000400,15
17001000500,15
17001000600,15
17001000700,15
17001000800,15
17001000900,15
17001001001,15
17001001002,15
17001001100,15
17001010100,15
17001010200,15
17001010301,15
17001010302,15
17001010400,15
17001010500,15
17001010600,15
17003957600,12
17003957700,12
17003957800,12
17003957900,12
17005951200,15
17005951300,15
17005951400,15
17005951500,15
17007010101,11
17007010102,11
17007010200,11
17007010300,11
17007010400,11
17007010501,16
17007010502,11
17007010601,16
17007010603,16
17007010604,16
17009970400,15
17009970500,15
17011964700,16
17011964800,16
17011964900,16
17011965000,14
17011965100,14
17011965200,14
17011965300,16
17011965400,16
17011965500,16
17011965600,16
17013951200,15
17013951300,15
17015960100,17
17015960200,17
17015960300,17
17015960400,17
17015960500,17
17015960600,17
17017960100,15
17017960200,15
17017960300,15
17017960400,15
17017960500,15
17019000200,13
17019000301,13
17019000302,13
17019000401,13
17019000402,13
17019000500,13
17019000700,13
17019000800,13
17019000901,13
17019000902,13
17019001000,13
17019001100,13
17019001201,13
17019001203,13
17019001204,13
17019001205,13
17019001206,13
17019001301,13
17019001302,13
17019001400,13
17019005300,13
17019005401,13
17019005402,13
17019005500,13
17019005601,13
17019005602,13
17019005701,13
17019005702,15
17019005800,13
17019005901,13
17019005902,13
17019006000,13
17019010400,2
17019010300,2
17019010204,2
17019010100,2
17019010500,2
17019010601,15
17019010603,15
17019010604,15
17019010702,15
17019010701,15
17019010800,15
17019010901,15
17019010902,13
17019011001,13
17019011002,13
17019011100,13
17021958100,15
17021958200,15
17021958300,15
17021958400,15
17021958500,15
17021958600,15
17021958700,15
17021958800,15
17021958900,15
17021959000,15
17023060100,12
17023060200,12
17023060300,12
17023060400,12
17025971900,12
17025972000,12
17025972100,12
17025972200,12
17027900100,12
17027900200,12
17027900300,12
17027900401,12
17027900403,12
17027900404,12
17027900500,12
17027900601,12
17027900602,12
17029000100,15
17029000200,12
17029000300,15
17029000400,15
17029000500,15
17029000600,12
17029000701,12
17029000702,15
17029000800,15
17029000900,15
17029001000,12
17029001100,15
17029001200,15
17031010100,9
17031010201,9
17031010202,9
17031010300,9
17031010400,9
17031010501,9
17031010502,9
17031010503,9
17031010600,9
17031010701,9
17031010702,9
17031020100,9
17031020200,9
17031020301,9
17031020302,9
17031020400,9
17031020500,9
17031020601,9
17031020602,9
17031020701,5
17031020702,9
17031020801,5
17031020802,9
17031020901,9
17031020902,9
17031030101,9
17031030102,9
17031030103,9
17031030104,9
17031030200,9
17031030300,9
17031030400,9
17031030500,9
17031030601,9
17031030603,9
17031030604,9
17031030701,9
17031030702,9
17031030703,9
17031030706,9
17031030800,9
17031030900,9
17031031000,9
17031031100,9
17031031200,9
17031031300,9
17031031400,9
17031031501,9
17031031502,9
17031031700,9
17031031800,9
17031031900,5
17031032100,9
17031040100,9
17031040201,5
17031040202,5
17031040300,5
17031040401,9
17031040402,9
17031040600,5
17031040700,5
17031040800,5
17031040900,5
17031050100,5
17031050200,5
17031050300,5
17031050500,5
17031050600,5
17031050700,5
17031050800,5
17031050900,5
17031051000,5
17031051100,5
17031051200,5
17031051300,5
17031051400,5
17031060100,5
17031060200,5
17031060300,5
17031060400,5
17031060500,5
17031060800,5
17031060900,5
17031061000,5
17031061100,5
17031061200,5
17031061500,5
17031061800,5
17031061901,5
17031061902,5
17031062000,5
17031062100,5
17031062200,5
17031062300,5
17031062400,5
17031062500,5
17031062600,5
17031062700,5
17031062800,5
17031062900,5
17031063000,5
17031063100,5
17031063200,5
17031063301,5
17031063302,5
17031063303,5
17031063400,5
17031070101,5
17031070102,5
17031070103,5
17031070200,5
17031070300,5
17031070400,5
17031070500,5
17031070600,5
17031070700,5
17031071000,5
17031071100,5
17031071200,5
17031071300,5
17031071400,5
17031071500,5
17031071600,5
17031071700,5
17031071800,5
17031080100,5
17031080201,5
17031080202,5
17031080300,5
17031080400,7
17031081000,7
17031081100,5
17031081201,5
17031081202,5
17031081300,5
17031081401,7
17031081402,7
17031081403,7
17031081500,5
17031081600,7
17031081700,7
17031081800,7
17031081900,7
17031090100,9
17031090200,9
17031090300,5
17031100100,5
17031100200,5
17031100300,5
17031100400,5
17031100500,5
17031100600,5
17031100700,5
17031110100,5
17031110200,5
17031110300,5
17031110400,5
17031110501,5
17031110502,5
17031120100,5
17031120200,5
17031120300,5
17031120400,5
17031130100,5
17031130200,5
17031130300,5
17031140100,3
17031140200,3
17031140301,3
17031140302,3
17031140400,5
17031140500,3
17031140601,3
17031140602,3
17031140701,3
17031140702,3
17031140800,3
17031150200,3
17031150300,3
17031150401,5
17031150402,3
17031150501,3
17031150502,3
17031150600,3
17031150700,3
17031150800,3
17031151001,3
17031151002,3
17031151100,3
17031151200,3
17031160100,5
17031160200,5
17031160300,5
17031160400,3
17031160501,3
17031160502,3
17031160601,3
17031160602,3
17031160700,3
17031160800,3
17031160900,3
17031161000,5
17031161100,5
17031161200,3
17031161300,3
17031170100,5
17031170200,3
17031170300,3
17031170400,5
17031170500,3
17031170600,3
17031170700,3
17031170800,3
17031170900,3
17031171000,3
17031171100,3
17031180100,3
17031190100,3
17031190200,3
17031190300,3
17031190401,3
17031190402,3
17031190601,3
17031190602,3
17031190701,3
17031190702,3
17031190800,3
17031190900,3
17031191000,3
17031191100,3
17031191200,3
17031191301,3
17031191302,7
17031200100,3
17031200200,3
17031200300,3
17031200401,3
17031200402,3
17031210100,3
17031210400,3
17031210501,3
17031210502,3
17031210601,3
17031210602,3
17031210700,3
17031210800,3
17031210900,3
17031220300,3
17031220400,3
17031220500,3
17031220601,3
17031220602,3
17031220701,3
17031220702,3
17031220901,3
17031220902,3
17031221000,3
17031221100,3
17031221200,3
17031221300,3
17031221400,3
17031221500,3
17031221600,5
17031222200,3
17031222500,3
17031222600,3
17031222700,3
17031222800,3
17031222900,3
17031230100,3
17031230200,3
17031230300,3
17031230400,3
17031230500,3
17031230600,3
17031230700,3
17031230800,3
17031230900,3
17031231100,3
17031231200,7
17031231500,7
17031240200,5
17031240300,5
17031240500,5
17031240600,3
17031240700,3
17031240800,3
17031240900,7
17031241000,3
17031241100,3
17031241200,7
17031241300,7
17031241400,5
17031241500,5
17031241600,7
17031242000,7
17031242100,7
17031242200,7
17031242300,7
17031242400,7
17031242500,3
17031242600,3
17031242700,7
17031242800,7
17031242900,7
17031243000,7
17031243100,7
17031243200,7
17031243300,7
17031243400,7
17031243500,7
17031250200,3
17031250300,7
17031250400,7
17031250500,7
17031250600,7
17031250700,7
17031250800,7
17031251000,3
17031251100,7
17031251200,7
17031251300,7
17031251400,7
17031251500,7
17031251600,7
17031251700,7
17031251800,7
17031251900,7
17031252000,7
17031252101,7
17031252102,7
17031252201,7
17031252202,7
17031260100,7
17031260200,7
17031260300,7
17031260400,7
17031260500,7
17031260600,7
17031260700,7
17031260800,7
17031260900,7
17031261000,7
17031270500,7
17031271200,7
17031271300,7
17031271400,7
17031271500,7
17031271800,7
17031280100,7
17031280400,7
17031280800,7
17031280900,7
17031281900,7
17031282700,7
17031282800,7
17031283100,7
17031283200,7
17031283800,7
17031290900,7
17031291200,7
17031291600,7
17031292200,7
17031292400,7
17031292500,7
17031300500,4
17031300600,4
17031300700,4
17031300800,4
17031300900,4
17031301100,4
17031301200,4
17031301600,4
17031301701,4
17031301702,4
17031301801,4
17031301802,4
17031301803,4
17031310200,4
17031310300,4
17031310400,4
17031310500,4
17031310600,4
17031310700,4
17031310800,4
17031310900,4
17031320101,7
17031320102,7
17031320400,7
17031320600,7
17031330101,7
17031330102,7
17031330103,7
17031330200,7
17031340300,7
17031340400,7
17031340500,7
17031340600,7
17031350100,1
17031350400,7
17031351000,1
17031351100,1
17031351400,1
17031351500,1
17031360200,1
17031380100,1
17031380200,1
17031380600,1
17031381200,1
17031381400,7
17031381500,7
17031381700,7
17031381800,7
17031381900,7
17031390100,2
17031390200,2
17031390300,2
17031390400,1
17031390500,1
17031390600,2
17031390700,2
17031400300,1
17031400400,7
17031400500,1
17031400800,7
17031410100,2
17031410200,1
17031410500,1
17031410600,1
17031410700,1
17031410800,1
17031410900,2
17031411000,2
17031411100,1
17031411200,1
17031420100,2
17031420200,1
17031420300,1
17031420400,1
17031420500,1
17031420600,1
17031420700,1
17031420800,1
17031421200,1
17031430101,2
17031430102,2
17031430200,1
17031430300,1
17031430400,1
17031430500,1
17031430600,1
17031430700,2
17031430800,1
17031430900,1
17031431200,1
17031431301,2
17031431302,2
17031431400,2
17031440101,1
17031440102,1
17031440201,1
17031440202,1
17031440300,1
17031440600,1
17031440700,1
17031440800,1
17031440900,1
17031450300,1
17031460100,2
17031460200,2
17031460301,1
17031460302,1
17031460400,1
17031460500,1
17031460800,2
17031461000,2
17031470100,1
17031480100,1
17031480200,1
17031480300,1
17031480400,1
17031480500,1
17031490200,1
17031490500,1
17031490600,1
17031490700,1
17031490800,2
17031490901,2
17031490902,2
17031491000,1
17031491100,1
17031491200,1
17031491300,1
17031491400,1
17031500100,1
17031500200,2
17031500300,2
17031510100,2
17031510200,2
17031510300,1
17031520100,2
17031520200,2
17031520300,2
17031520400,2
17031520500,2
17031520600,2
17031530100,2
17031530200,1
17031530300,1
17031530400,1
17031530501,1
17031530502,1
17031530503,1
17031530600,2
17031540101,2
17031540102,2
17031550100,2
17031550200,2
17031560100,4
17031560200,4
17031560300,4
17031560400,4
17031560700,4
17031560800,6
17031560900,6
17031561000,6
17031561100,4
17031570100,4
17031570200,4
17031570300,4
17031570400,4
17031570500,4
17031580100,4
17031580200,4
17031580300,4
17031580400,4
17031580501,4
17031580502,4
17031580600,4
17031580700,4
17031580800,4
17031590500,4
17031590600,4
17031590700,4
17031600400,7
17031600600,4
17031600700,4
17031600900,4
17031610300,4
17031610400,4
17031610800,7
17031611200,7
17031611300,4
17031611400,4
17031611500,4
17031611600,7
17031611700,7
17031611800,7
17031611900,7
17031612000,7
17031612100,7
17031612200,7
17031620100,4
17031620200,4
17031620300,4
17031620400,4
17031630300,4
17031630400,4
17031630500,4
17031630600,4
17031630800,4
17031630900,4
17031640100,4
17031640300,4
17031640400,6
17031640500,6
17031640600,4
17031640700,4
17031640800,4
17031650100,4
17031650200,4
17031650301,4
17031650302,4
17031650400,4
17031650500,4
17031660301,4
17031660302,4
17031660400,4
17031660500,4
17031660600,7
17031660700,7
17031660800,7
17031660900,4
17031661000,7
17031661100,1
17031670100,7
17031670200,7
17031670300,7
17031670400,7
17031670500,7
17031670600,7
17031670700,7
17031670800,7
17031670900,7
17031671100,7
17031671200,7
17031671300,7
17031671400,7
17031671500,7
17031671600,7
17031671800,7
17031671900,7
17031672000,7
17031680500,7
17031680600,7
17031680900,1
17031681000,7
17031681100,7
17031681200,1
17031681300,1
17031681400,7
17031690300,1
17031690400,1
17031690500,1
17031690900,1
17031691000,1
17031691100,1
17031691200,1
17031691300,1
17031691400,1
17031691500,1
17031700100,1
17031700200,4
17031700301,4
17031700302,4
17031700401,1
17031700402,1
17031700501,1
17031700502,1
17031710100,1
17031710200,1
17031710300,1
17031710400,1
17031710500,1
17031710600,1
17031710700,1
17031710800,1
17031710900,1
17031711000,1
17031711100,1
17031711200,1
17031711300,1
17031711400,1
17031711500,1
17031720100,6
17031720200,1
17031720300,6
17031720400,6
17031720500,6
17031720600,6
17031720700,1
17031730100,1
17031730201,1
17031730202,1
17031730300,1
17031730400,1
17031730500,1
17031730600,1
17031730700,1
17031740100,6
17031740200,6
17031740300,6
17031740400,1
17031750100,1
17031750200,1
17031750300,6
17031750400,6
17031750500,1
17031750600,1
17031760801,8
17031760802,5
17031760803,8
17031770201,8
17031770202,8
17031770300,8
17031770400,8
17031770500,3
17031770601,8
17031770602,3
17031770700,8
17031770800,5
17031770901,5
17031770902,5
17031800100,10
17031800200,10
17031800300,10
17031800400,10
17031800500,10
17031800600,10
17031800700,10
17031800800,10
17031800900,9
17031801000,10
17031801100,10
17031801200,10
17031801300,9
17031801400,9
17031801500,10
17031801601,10
17031801603,9
17031801605,10
17031801606,10
17031801607,9
17031801608,9
17031801701,10
17031801702,10
17031801800,10
17031801901,9
17031801902,9
17031802002,9
17031802003,9
17031802004,5
17031802100,9
17031802200,9
17031802300,9
17031802402,10
17031802403,10
17031802404,9
17031802503,9
17031802504,10
17031802505,10
17031802506,10
17031802605,9
17031802607,9
17031802608,9
17031802609,9
17031802610,9
17031802701,5
17031802702,5
17031802801,5
17031802802,5
17031802900,5
17031803005,5
17031803007,9
17031803008,9
17031803010,5
17031803012,5
17031803013,9
17031803014,10
17031803015,9
17031803016,5
17031803017,5
17031803100,5
17031803200,5
17031803300,5
17031803400,5
17031803500,5
17031803603,5
17031803604,5
17031803605,8
17031803607,8
17031803608,5
17031803611,8
17031803612,8
17031803613,8
17031803614,8
17031803615,5
17031803616,5
17031803701,5
17031803702,5
17031803800,5
17031803901,8
17031803902,8
17031804000,8
17031804102,5
17031804104,5
17031804105,5
17031804106,8
17031804108,8
17031804109,8
17031804202,8
17031804203,8
17031804204,5
17031804305,8
17031804306,8
17031804308,8
17031804309,8
17031804312,8
17031804313,8
17031804314,8
17031804315,8
17031804316,8
17031804403,8
17031804404,3
17031804405,3
17031804406,3
17031804505,3
17031804506,3
17031804508,3
17031804509,3
17031804510,3
17031804511,3
17031804512,8
17031804513,3
17031804514,3
17031804603,8
17031804606,8
17031804607,8
17031804608,8
17031804609,8
17031804610,8
17031804611,8
17031804701,8
17031804705,8
17031804706,8
17031804709,8
17031804710,8
17031804711,8
17031804712,8
17031804713,8
17031804714,8
17031804715,8
17031804716,8
17031804803,8
17031804804,8
17031804805,8
17031804806,8
17031804807,8
17031804808,8
17031804809,8
17031804810,8
17031804901,5
17031804902,8
17031805001,5
17031805002,8
17031805105,8
17031805106,5
17031805107,8
17031805108,8
17031805109,5
17031805110,5
17031805111,3
17031805112,3
17031805201,9
17031805202,9
17031805301,9
17031805302,9
17031805401,9
17031805402,9
17031805501,9
17031805502,9
17031805600,5
17031805701,5
17031805702,8
17031805801,5
17031805802,5
17031805901,5
17031805902,9
17031806001,5
17031806002,5
17031806004,5
17031806005,5
17031806006,5
17031806102,8
17031806103,8
17031806104,5
17031806201,8
17031806202,8
17031806300,8
17031806400,8
17031806501,8
17031806502,8
17031806600,8
17031806700,9
17031806801,9
17031806802,9
17031806900,9
17031807000,9
17031807100,9
17031807200,9
17031807300,9
17031807400,9
17031807500,9
17031807600,9
17031807700,9
17031807800,9
17031807900,9
17031808001,9
17031808002,9
17031808100,9
17031808200,9
17031808301,9
17031808302,9
17031808400,9
17031808500,9
17031808600,9
17031808702,9
17031808800,9
17031808900,9
17031809000,9
17031809100,9
17031809200,9
17031809300,9
17031809401,9
17031809402,9
17031809500,9
17031809600,9
17031809700,9
17031809800,9
17031809900,9
17031810000,9
17031810100,9
17031810200,9
17031810301,9
17031810302,9
17031810400,5
17031810501,5
17031810502,5
17031810600,5
17031810701,3
17031810702,3
17031810800,3
17031810900,7
17031811000,3
17031811100,3
17031811200,3
17031811301,4
17031811302,4
17031811401,4
17031811402,4
17031811500,3
17031811600,3
17031811701,3
17031811702,4
17031811800,4
17031811900,7
17031812000,7
17031812100,7
17031812200,7
17031812301,7
17031812302,7
17031812400,7
17031812500,7
17031812600,7
17031812700,7
17031812801,7
17031812802,7
17031812900,7
17031813000,7
17031813100,7
17031813200,7
17031813301,4
17031813302,4
17031813400,4
17031813500,4
17031813600,4
17031813701,4
17031813702,4
17031813801,4
17031813802,4
17031813900,4
17031814000,4
17031814100,4
17031814200,4
17031814300,4
17031814400,4
17031814500,4
17031814600,4
17031814700,4
17031814800,4
17031814900,4
17031815000,4
17031815100,4
17031815200,4
17031815300,4
17031815400,4
17031815500,4
17031815600,4
17031815701,4
17031815702,4
17031815800,4
17031815900,7
17031816000,7
17031816100,7
17031816200,4
17031816300,4
17031816401,4
17031816402,4
17031816500,4
17031816600,4
17031816700,4
17031816800,4
17031816900,7
17031817000,7
17031817101,7
17031817102,7
17031817200,7
17031817300,7
17031817400,7
17031817500,7
17031817600,7
17031817700,7
17031817900,7
17031818000,7
17031818100,7
17031818200,7
17031818300,7
17031818401,7
17031818402,7
17031818500,7
17031818600,4
17031818700,4
17031818800,4
17031818900,4
17031819000,4
17031819100,4
17031819200,4
17031819300,4
17031819400,4
17031819500,4
17031819600,4
17031819700,4
17031819801,6
17031819802,6
17031819900,6
17031820000,4
17031820101,6
17031820103,6
17031820104,6
17031820202,6
17031820203,6
17031820204,6
17031820300,4
17031820400,4
17031820501,6
17031820502,6
17031820603,6
17031820604,6
17031820605,6
17031820606,6
17031820700,4
17031820800,4
17031820901,6
17031820902,4
17031821001,6
17031821002,4
17031821101,4
17031821102,4
17031821200,1
17031821300,2
17031821401,1
17031821402,1
17031821500,2
17031821600,1
17031821700,6
17031821800,6
17031821900,6
17031822000,6
17031822101,6
17031822102,6
17031822200,4
17031822301,6
17031822302,6
17031822400,6
17031822500,6
17031822601,6
17031822602,6
17031822701,6
17031822702,6
17031822801,6
17031822802,6
17031822900,6
17031823001,6
17031823002,6
17031823101,6
17031823102,6
17031823200,6
17031823302,6
17031823303,1
17031823304,1
17031823400,1
17031823500,1
17031823602,6
17031823603,1
17031823604,6
17031823605,6
17031823702,6
17031823703,6
17031823704,6
17031823705,6
17031823801,6
17031823803,6
17031823805,6
17031823806,6
17031823901,6
17031823903,6
17031823904,6
17031824003,1
17031824004,6
17031824005,11
17031824006,1
17031824105,6
17031824106,6
17031824107,6
17031824113,6
17031824114,6
17031824115,6
17031824116,6
17031824119,1
17031824121,6
17031824122,6
17031824123,6
17031824124,6
17031824125,6
17031824126,6
17031824127,6
17031824128,1
17031824129,6
17031824300,1
17031824400,1
17031824503,6
17031824505,6
17031824507,6
17031824508,6
17031824509,6
17031824601,1
17031824602,1
17031824701,1
17031824702,1
17031824800,1
17031824900,2
17031825000,1
17031825200,1
17031825302,1
17031825303,6
17031825304,6
17031825400,1
17031825501,2
17031825503,2
17031825504,2
17031825505,2
17031825600,2
17031825700,2
17031825801,2
17031825802,2
17031825803,2
17031825900,2
17031826000,2
17031826100,2
17031826201,2
17031826202,2
17031826301,2
17031826303,2
17031826304,2
17031826401,2
17031826402,2
17031826500,2
17031826600,2
17031826700,2
17031826800,2
17031826901,2
17031826902,2
17031827000,2
17031827100,2
17031827200,2
17031827300,2
17031827400,2
17031827500,2
17031827600,2
17031827700,2
17031827801,2
17031827802,2
17031827804,2
17031827805,2
17031827901,2
17031827902,2
17031828000,2
17031828100,2
17031828201,2
17031828202,2
17031828300,2
17031828401,2
17031828402,2
17031828503,2
17031828504,2
17031828505,2
17031828507,2
17031828508,2
17031828601,2
17031828602,2
17031828701,2
17031828702,2
17031828801,2
17031828802,2
17031828900,2
17031829000,2
17031829100,2
17031829200,2
17031829301,2
17031829302,2
17031829401,2
17031829402,2
17031829500,2
17031829600,2
17031829700,2
17031829800,2
17031829902,2
17031829903,2
17031829904,1
17031830001,2
17031830003,2
17031830004,2
17031830005,2
17031830006,2
17031830007,2
17031830008,2
17031830100,2
17031830201,2
17031830202,2
17031830300,2
17031830400,2
17031830500,4
17031830600,9
17031830700,5
17031830800,5
17031830900,5
17031831000,3
17031831100,3
17031831200,3
17031831300,3
17031831400,7
17031831500,3
17031831600,3
17031831700,3
17031831800,5
17031831900,5
17031832000,5
17031832100,9
17031832200,5
17031832300,5
17031832400,3
17031832500,5
17031832600,5
17031832900,7
17031833000,7
17031833100,7
17031833300,7
17031833900,2
17031834000,1
17031834200,1
17031834300,1
17031834400,1
17031834500,7
17031834600,7
17031834700,7
17031834800,7
17031834900,7
17031835000,7
17031835100,7
17031835200,4
17031835500,7
17031835600,7
17031835800,7
17031836000,1
17031836100,7
17031836200,1
17031836300,1
17031836400,1
17031836500,1
17031836600,7
17031836700,7
17031836800,7
17031836900,7
17031837000,7
17031837100,7
17031837300,7
17031837400,7
17031837800,7
17031838000,7
17031838100,7
17031838200,7
17031838300,7
17031838600,7
17031838700,7
17031838800,2
17031839000,7
17031839100,7
17031839200,7
17031839500,1
17031839600,1
17031839700,4
17031839800,7
17031839900,4
17031840000,7
17031840100,7
17031840200,7
17031840300,4
17031840400,4
17031840700,4
17031840800,4
17031841000,1
17031841100,7
17031841200,4
17031841300,4
17031841500,7
17031841700,4
17031841800,1
17031841900,7
17031842000,7
17031842100,3
17031842200,5
17031842300,7
17031842400,1
17031842500,1
17031842600,4
17031842800,4
17031842900,7
17031843000,7
17031843100,7
17031843200,4
17031843300,7
17031843400,7
17031843500,4
17031843600,1
17031843700,3
17031843800,7
17031843900,2
17031844600,7
17031844700,7
17031980000,8
17031980100,4
17033880100,12
17033880200,12
17033880300,12
17033880400,12
17033880500,12
17033880600,12
17035972400,12
17035972500,12
17035972600,12
17037000100,11
17037000200,16
17037000300,14
17037000401,14
17037000402,14
17037000500,14
17037000600,14
17037000700,14
17037000800,14
17037000900,14
17037001002,14
17037001003,14
17037001004,14
17037001300,14
17037001400,14
17037001500,14
17037001600,11
17037001700,14
17037001800,14
17037001900,14
17037002000,14
17037002100,14
17037002200,14
17039971400,15
17039971500,15
17039971600,15
17039971700,15
17039971800,15
17041952000,15
17041952100,15
17041952200,15
17041952300,15
17041952400,15
17043840000,3
17043840101,8
17043840102,8
17043840103,3
17043840104,3
17043840201,8
17043840202,8
17043840303,3
17043840304,8
17043840600,6
17043840703,3
17043840704,3
17043840705,6
17043840706,6
17043840801,3
17043840802,3
17043840901,8
17043840904,8
17043840906,8
17043840907,8
17043840908,3
17043840910,3
17043840911,3
17043841002,8
17043841003,8
17043841004,8
17043841102,8
17043841103,8
17043841104,8
17043841108,8
17043841109,8
17043841110,8
17043841111,8
17043841112,8
17043841113,8
17043841114,8
17043841204,8
17043841205,8
17043841206,8
17043841207,3
17043841208,8
17043841209,8
17043841210,8
17043841307,3
17043841308,3
17043841310,3
17043841312,3
17043841313,3
17043841314,8
17043841315,8
17043841316,8
17043841318,8
17043841320,8
17043841321,8
17043841322,8
17043841323,8
17043841324,8
17043841325,8
17043841326,3
17043841327,3
17043841401,3
17043841403,3
17043841404,3
17043841501,3
17043841503,3
17043841504,3
17043841603,3
17043841604,3
17043841605,3
17043841606,11
17043841607,11
17043841704,3
17043841705,3
17043841706,3
17043841707,8
17043841708,8
17043841801,3
17043841802,3
17043841901,3
17043841902,3
17043842000,3
17043842100,6
17043842200,6
17043842300,6
17043842400,6
17043842500,3
17043842601,3
17043842602,3
17043842603,3
17043842604,3
17043842605,3
17043842702,6
17043842703,6
17043842704,6
17043842706,6
17043842708,6
17043842709,6
17043842710,6
17043842711,6
17043842800,4
17043842900,6
17043843000,6
17043843100,6
17043843200,6
17043843301,6
17043843302,6
17043843400,6
17043843500,6
17043843601,6
17043843602,6
17043843700,6
17043843800,6
17043843900,6
17043844001,4
17043844002,4
17043844100,6
17043844201,6
17043844202,6
17043844304,6
17043844305,6
17043844306,6
17043844307,6
17043844308,6
17043844309,6
17043844310,6
17043844401,6
17043844402,6
17043844501,6
17043844502,4
17043844601,4
17043844602,4
17043844701,6
17043844702,4
17043844801,6
17043844802,6
17043844901,6
17043844902,6
17043845000,6
17043845100,6
17043845200,4
17043845300,4
17043845401,6
17043845402,6
17043845502,6
17043845505,6
17043845506,6
17043845507,6
17043845508,6
17043845509,6
17043845510,6
17043845601,6
17043845602,6
17043845701,6
17043845702,6
17043845703,6
17043845704,6
17043845802,6
17043845803,11
17043845805,11
17043845807,6
17043845808,11
17043845809,11
17043845810,6
17043845811,11
17043845901,11
17043845902,6
17043846002,6
17043846003,6
17043846004,6
17043846102,6
17043846103,11
17043846104,11
17043846105,11
17043846106,11
17043846201,11
17043846202,11
17043846203,11
17043846205,11
17043846206,11
17043846207,11
17043846208,11
17043846209,11
17043846304,11
17043846305,11
17043846307,11
17043846308,11
17043846310,11
17043846311,11
17043846312,6
17043846313,6
17043846314,11
17043846315,6
17043846404,11
17043846405,11
17043846408,11
17043846409,11
17043846410,11
17043846411,11
17043846412,11
17043846413,11
17043846504,11
17043846507,11
17043846509,11
17043846510,11
17043846511,11
17043846513,11
17043846514,11
17043846515,11
17043846517,11
17043846518,11
17043846519,11
17043846521,11
17043846522,11
17043846523,11
17043846524,11
17043846603,3
17043846604,3
17043846701,6
17043846702,3
17045070100,15
17045070200,15
17045070300,15
17045070400,15
17045070500,15
17047956900,12
17047957000,12
17047957100,12
17049950100,12
17049950200,12
17049950300,12
17049950400,12
17049950500,12
17049950600,12
17049950700,12
17049950800,12
17051950500,15
17051950600,15
17051950700,15
17051950800,15
17051950900,15
17051951000,15
17051951100,15
17053961600,2
17053961700,2
17053961800,2
17053961900,2
17053962000,2
17055040100,12
17055040200,12
17055040300,12
17055040400,12
17055040500,12
17055040600,12
17055040700,12
17055040800,12
17055040900,12
17055041000,12
17055041100,12
17055041200,12
17057952800,17
17057952900,17
17057953000,15
17057953100,17
17057953200,17
17057953300,17
17057953400,17
17057953500,17
17057953600,17
17057953700,15
17057953800,15
17057953900,15
17059972700,12
17059972800,12
17061973600,15
17061973700,15
17061973800,15
17061973900,15
17061974000,15
17063000102,16
17063000103,16
17063000200,16
17063000300,16
17063000400,16
17063000500,16
17063000600,16
17063000700,16
17063000800,16
17063000900,16
17065973100,12
17065973200,12
17065973300,12
17067953700,15
17067953800,15
17067953900,15
17067954000,15
17067954100,15
17067954200,15
17067954300,15
17069970900,12
17069971000,12
17071973300,15
17071973400,15
17071973500,15
17073030100,17
17073030201,16
17073030202,16
17073030203,16
17073030301,16
17073030302,16
17073030400,16
17073030500,16
17073030600,17
17073030800,17
17073030900,17
17073031000,17
17073031100,17
17073031200,16
17075950100,2
17075950200,2
17075950300,2
17075950400,2
17075950500,2
17075950600,2
17075950700,2
17075950800,2
17075950900,2
17077010100,12
17077010200,12
17077010300,12
17077010400,12
17077010601,12
17077010602,12
17077010700,12
17077010800,12
17077010900,12
17077011001,12
17077011002,12
17077011100,12
17077011200,12
17077011400,12
17077011600,12
17077011701,12
17077011702,12
17079977300,12
17079977400,12
17079977500,12
17081050100,12
17081050200,12
17081050300,12
17081050400,12
17081050500,12
17081050600,12
17081050700,12
17081050800,12
17081050900,12
17081051000,12
17081051100,12
17083010100,15
17083010200,15
17083010300,15
17083010401,15
17083010402,15
17083010500,15
17085020101,16
17085020102,16
17085020200,16
17085020300,16
17085020401,16
17085020402,16
17085020500,16
17087977600,12
17087977700,12
17087977800,12
17087980000,12
17089850101,8
17089850103,8
17089850105,8
17089850106,8
17089850201,8
17089850202,8
17089850301,8
17089850302,8
17089850400,8
17089850500,8
17089850600,8
17089850703,11
17089850704,11
17089850705,11
17089850706,11
17089850707,8
17089850708,8
17089850709,11
17089850710,8
17089850711,11
17089850800,8
17089851000,8
17089851101,8
17089851102,8
17089851301,8
17089851302,8
17089851400,8
17089851500,8
17089851600,8
17089851801,8
17089851904,8
17089851907,8
17089851908,8
17089851909,8
17089851910,8
17089851911,8
17089851912,11
17089851913,8
17089852001,8
17089852002,8
17089852004,8
17089852005,11
17089852101,8
17089852103,8
17089852104,8
17089852201,11
17089852203,8
17089852204,11
17089852300,11
17089852403,11
17089852404,11
17089852405,11
17089852406,11
17089852407,11
17089852408,11
17089852500,8
17089852606,11
17089852607,11
17089852608,11
17089852700,11
17089852803,11
17089852805,11
17089852806,11
17089852807,11
17089852808,11
17089852903,11
17089852904,11
17089852905,11
17089852906,11
17089852907,11
17089853001,11
17089853004,11
17089853005,11
17089853006,11
17089853007,11
17089853008,11
17089853100,11
17089853200,11
17089853300,11
17089853401,11
17089853402,11
17089853500,11
17089853601,14
17089853602,14
17089853900,11
17089854001,11
17089854002,14
17089854100,14
17089854200,14
17089854301,14
17089854302,14
17089854401,14
17089854402,14
17089854403,14
17089854504,14
17089854505,11
17089854506,11
17089854507,11
17089854508,14
17089854509,14
17089854600,8
17089854700,11
17089854800,11
17089854900,8
17091010100,2
17091010201,1
17091010203,1
17091010204,1
17091010300,2
17091010400,2
17091010500,1
17091010601,1
17091010602,1
17091010701,2
17091010702,2
17091010800,2
17091010900,2
17091011000,2
17091011100,2
17091011200,2
17091011300,2
17091011400,2
17091011500,2
17091011600,2
17091011700,2
17091011800,2
17091011900,2
17091012000,1
17091012100,2
17091012200,2
17091012300,2
17091012400,2
17091012500,2
17091012600,2
17093890103,14
17093890104,14
17093890105,14
17093890106,14
17093890107,14
17093890108,14
17093890201,14
17093890202,14
17093890301,14
17093890302,14
17093890401,14
17093890402,14
17093890403,14
17093890404,14
17093890501,14
17093890502,14
17093890601,14
17093890602,14
17093890701,14
17093890702,14
17093890703,14
17095000100,17
17095000200,17
17095000300,17
17095000400,17
17095000500,17
17095000600,17
17095000700,17
17095000800,17
17095000900,17
17095001000,17
17095001100,17
17095001200,17
17095001300,17
17095001400,17
17095001500,17
17095001600,17
17097860103,10
17097860104,10
17097860105,10
17097860106,10
17097860200,10
17097860301,10
17097860302,10
17097860400,10
17097860500,10
17097860600,10
17097860805,10
17097860806,10
17097860807,10
17097860808,10
17097860809,10
17097860811,10
17097860812,10
17097860813,10
17097860903,10
17097860905,10
17097860906,10
17097860907,10
17097860908,10
17097861007,10
17097861008,10
17097861009,10
17097861010,10
17097861011,10
17097861012,10
17097861013,10
17097861014,10
17097861105,10
17097861106,10
17097861107,10
17097861108,10
17097861201,10
17097861202,10
17097861301,10
17097861303,10
17097861304,10
17097861402,10
17097861403,10
17097861404,10
17097861504,10
17097861505,10
17097861506,10
17097861507,10
17097861508,10
17097861509,10
17097861510,10
17097861603,10
17097861604,10
17097861607,10
17097861608,10
17097861609,10
17097861610,10
17097861611,10
17097861701,10
17097861702,10
17097861803,10
17097861804,10
17097861901,10
17097861902,10
17097862000,10
17097862100,10
17097862200,10
17097862300,10
17097862401,10
17097862402,10
17097862501,10
17097862502,10
17097862603,10
17097862604,10
17097862605,10
17097862700,10
17097862800,10
17097862901,10
17097862902,10
17097863003,10
17097863004,10
17097863005,10
17097863006,10
17097863100,10
17097863201,10
17097863202,10
17097863300,10
17097863400,10
17097863500,10
17097863601,10
17097863603,10
17097863604,10
17097863701,10
17097863702,10
17097863801,10
17097863902,10
17097863903,10
17097863904,10
17097864001,10
17097864002,10
17097864105,10
17097864106,10
17097864107,9
17097864108,10
17097864109,10
17097864110,10
17097864203,11
17097864204,9
17097864206,11
17097864207,11
17097864208,11
17097864303,9
17097864305,9
17097864306,5
17097864307,5
17097864308,5
17097864402,9
17097864403,5
17097864407,9
17097864408,5
17097864409,5
17097864410,5
17097864411,5
17097864412,5
17097864510,10
17097864511,9
17097864512,9
17097864513,10
17097864514,10
17097864515,5
17097864516,9
17097864517,9
17097864518,9
17097864519,9
17097864520,10
17097864521,10
17097864522,10
17097864523,10
17097864524,10
17097864601,10
17097864602,10
17097864700,10
17097864801,10
17097864802,10
17097864901,10
17097864903,10
17097864904,10
17097865000,10
17097865200,10
17097865300,10
17097865400,10
17097865501,10
17097865502,10
17097865600,10
17097865700,10
17097865801,10
17097865802,10
17097866000,10
17097866100,10
17097866200,10
17099961701,14
17099961702,14
17099961800,14
17099961900,14
17099962000,14
17099962100,14
17099962200,14
17099962300,14
17099962400,14
17099962500,14
17099962600,14
17099962700,14
17099962800,14
17099962900,14
17099963000,14
17099963100,14
17099963200,14
17099963300,14
17099963400,14
17099963500,14
17099963600,14
17099963700,16
17099963800,16
17099963900,16
17099964000,16
17099964100,16
17099964200,16
17099964300,16
17101880700,12
17101880800,12
17101880900,12
17101881000,12
17101881100,12
17103000100,16
17103000200,16
17103000300,16
17103000400,16
17103000500,16
17103000600,16
17103000700,16
17103000800,16
17103000900,16
17105960100,2
17105960200,2
17105960300,16
17105960400,16
17105960500,16
17105960600,2
17105960700,2
17105960800,16
17105960900,2
17105961000,2
17107952900,15
17107953000,15
17107953100,15
17107953200,15
17107953300,15
17107953400,15
17107953500,15
17107953600,15
17109010100,15
17109010200,15
17109010300,15
17109010401,17
17109010402,17
17109010600,17
17109010700,15
17109010900,15
17109011000,17
17109011100,15
17109980000,17
17111870103,10
17111870104,10
17111870105,10
17111870106,10
17111870200,16
17111870301,16
17111870302,16
17111870402,11
17111870403,10
17111870404,11
17111870501,10
17111870502,10
17111870603,11
17111870604,10
17111870605,11
17111870606,11
17111870702,10
17111870703,10
17111870704,10
17111870807,11
17111870808,11
17111870809,11
17111870810,11
17111870811,11
17111870812,11
17111870813,11
17111870814,11
17111870903,11
17111870904,11
17111870905,11
17111870906,11
17111870907,11
17111871003,11
17111871004,11
17111871105,11
17111871107,11
17111871108,11
17111871109,11
17111871110,11
17111871111,11
17111871112,11
17111871113,11
17111871114,11
17111871115,11
17111871201,9
17111871202,9
17111871205,9
17111871206,9
17111871207,9
17111871208,9
17111871209,9
17111871301,9
17111871304,9
17111871305,9
17111871307,9
17111871310,9
17111871311,9
17111871312,9
17111871313,9
17111871402,9
17111871404,9
17111871501,11
17111871502,11
17111871600,9
17113000105,16
17113000106,17
17113000107,17
17113000108,16
17113000109,17
17113000200,17
17113000301,17
17113000302,16
17113000400,17
17113000501,17
17113000502,17
17113000504,17
17113000506,16
17113000507,16
17113001103,17
17113001105,16
17113001106,17
17113001107,16
17113001108,16
17113001200,17
17113001301,17
17113001302,17
17113001303,17
17113001402,17
17113001403,17
17113001404,17
17113001500,17
17113001600,17
17113001700,17
17113001800,17
17113002101,16
17113002102,16
17113005102,16
17113005103,16
17113005104,16
17113005201,16
17113005202,16
17113005401,16
17113005402,16
17113005501,16
17113005502,16
17113005601,16
17113005602,16
17113005700,16
17113005800,17
17113005900,17
17113006000,17
17115000200,13
17115000300,13
17115000400,13
17115000501,13
17115000502,13
17115000600,13
17115000900,13
17115001000,13
17115001100,13
17115001200,13
17115001300,13
17115001400,15
17115001500,15
17115001600,15
17115001700,15
17115001801,15
17115001802,13
17115001900,13
17115002001,13
17115002002,13
17115002100,13
17115002200,13
17115002300,15
17115002401,15
17115002402,15
17115002500,15
17115002601,15
17115002602,15
17115002700,15
17115002800,13
17115002901,13
17115002902,15
17115002904,15
17115002905,13
17115002906,13
17115003000,15
17115003100,13
17117956000,13
17117956100,13
17117956200,13
17117956300,13
17117956400,13
17117956500,13
17117956600,13
17117956700,13
17117956800,13
17117956900,13
17117957000,13
17117957100,13
17117957200,13
17119400101,13
17119400102,13
17119400200,13
17119400600,13
17119400700,13
17119400801,13
17119400802,13
17119400903,13
17119400904,13
17119400951,13
17119400952,13
17119401000,13
17119401101,13
17119401102,13
17119401200,13
17119401300,13
17119401400,13
17119401500,13
17119401701,13
17119401721,13
17119401722,13
17119401800,13
17119401901,13
17119401905,13
17119402000,13
17119402100,13
17119402200,13
17119402300,15
17119402400,13
17119402500,13
17119402600,13
17119402701,15
17119402721,15
17119402722,15
17119402801,15
17119402803,13
17119402804,13
17119402805,13
17119402900,13
17119403001,13
17119403002,13
17119403101,13
17119403121,13
17119403122,13
17119403200,13
17119403300,13
17119403401,13
17119403403,13
17119403404,13
17119403502,15
17119403531,15
17119403532,15
17119403533,15
17119403534,13
17119403601,15
17119403603,15
17119403604,15
17119403701,15
17119403702,15
17119403801,15
17119403802,15
17119404000,13
17119404100,13
17121951600,12
17121951700,12
17121951800,12
17121951900,12
17121952000,12
17121952100,12
17121952200,12
17121952300,12
17121952400,12
17121952500,12
17121952600,12
17121952700,12
17123961100,16
17123961200,16
17123961300,16
17123961400,16
17123961500,16
17125956300,15
17125956400,15
17125956500,15
17125956600,15
17125956700,15
17125956800,15
17127970100,12
17127970200,12
17127970300,12
17127970400,12
17129010100,15
17129010200,15
17129010300,15
17131040100,17
17131040200,15
17131040300,15
17131040400,17
17133600102,13
17133600103,12
17133600104,12
17133600401,12
17133600402,12
17133600501,12
17133600502,12
17135957300,15
17135957400,15
17135957500,15
17135957600,15
17135957700,15
17135957800,15
17135957900,15
17135958000,15
17137951400,15
17137951500,15
17137951600,15
17137951700,15
17137951800,15
17137951900,15
17137952000,15
17137952100,15
17137952200,15
17137952300,15
17139976900,15
17139977000,15
17139977100,15
17139977200,15
17141960700,16
17141960800,16
17141960900,16
17141961001,16
17141961002,16
17141961100,16
17141961200,16
17141961301,16
17141961302,16
17141961400,16
17141961500,16
17141961600,16
17141961700,16
17143000200,17
17143000300,17
17143000600,17
17143000900,17
17143001200,17
17143001300,17
17143001500,17
17143001600,17
17143001800,17
17143001900,17
17143002000,17
17143002100,17
17143002200,17
17143002300,17
17143002400,17
17143002500,17
17143002600,17
17143002701,17
17143002702,17
17143002800,17
17143002900,17
17143003000,17
17143003101,17
17143003103,17
17143003104,16
17143003200,16
17143003300,16
17143003402,16
17143003403,16
17143003404,16
17143003601,16
17143003602,16
17143003700,16
17143003800,16
17143003900,16
17143004000,17
17143004101,16
17143004102,16
17143004200,17
17143004300,17
17143004400,17
17143004500,16
17143004600,17
17143004801,17
17143004802,17
17143004901,17
17143004902,17
17143005000,17
17143005100,17
17145030100,12
17145030200,12
17145030300,12
17145030400,12
17145030500,12
17145030600,12
17147954500,15
17147954600,13
17147954700,13
17147954800,13
17149952400,15
17149952500,15
17149952600,15
17149952700,15
17149952800,15
17151971200,12
17151971300,12
17153971000,12
17153971100,12
17155954500,14
17155954600,16
17157950500,12
17157950600,12
17157950700,12
17157950800,12
17157950900,12
17157951000,12
17157951100,12
17157951201,12
17157951202,12
17157951300,12
17159977900,12
17159978000,12
17159978100,12
17159978200,12
17159978300,12
17161020101,17
17161020102,17
17161020103,17
17161020200,17
17161020301,17
17161020302,17
17161020400,17
17161020600,17
17161020700,17
17161020800,17
17161020900,17
17161021000,17
17161021100,17
17161021200,17
17161021300,17
17161021400,17
17161021500,17
17161021600,17
17161021700,17
17161021800,17
17161021900,17
17161022000,17
17161022100,17
17161022200,17
17161022300,17
17161022600,17
17161022800,17
17161022900,17
17161023000,17
17161023100,17
17161023200,17
17161023300,17
17161023500,17
17161023600,17
17161023700,17
17161024000,17
17161024101,17
17161024102,17
17161024103,17
17161024200,17
17161024300,17
17161024400,17
17161024500,17
17163500400,13
17163500500,13
17163500900,13
17163501100,13
17163501200,13
17163501300,13
17163501400,13
17163501501,13
17163501502,13
17163501602,13
17163501604,13
17163501605,13
17163501606,13
17163501607,13
17163501700,13
17163501801,13
17163501802,13
17163501900,13
17163502100,13
17163502200,13
17163502300,13
17163502401,13
17163502404,13
17163502500,13
17163502602,13
17163502603,13
17163502700,13
17163502800,13
17163502900,13
17163503101,12
17163503102,13
17163503202,12
17163503203,12
17163503211,13
17163503301,13
17163503304,13
17163503322,13
17163503323,13
17163503324,13
17163503332,13
17163503334,13
17163503404,12
17163503411,13
17163503412,13
17163503413,13
17163503414,13
17163503415,13
17163503416,13
17163503800,12
17163503903,12
17163503905,12
17163503906,12
17163503907,12
17163503908,12
17163504001,12
17163504002,12
17163504351,12
17163504352,12
17163504353,12
17163504354,13
17163504355,12
17163504356,12
17163504357,12
17163504358,12
17163504359,12
17163504501,13
17163504502,13
17163504600,13
17165955600,12
17165955100,12
17165955500,12
17165955700,12
17165955800,12
17165955900,12
17165956000,12
17165956100,12
17165956200,12
17167000100,15
17167000201,13
17167000202,13
17167000300,13
17167000400,13
17167000501,15
17167000503,13
17167000504,13
17167000600,13
17167000700,13
17167000800,13
17167000900,13
17167001001,13
17167001003,15
17167001004,13
17167001100,13
17167001200,13
17167001300,13
17167001400,13
17167001600,13
17167001800,13
17167001900,13
17167002001,13
17167002002,13
17167002100,13
17167002200,13
17167002300,13
17167002400,13
17167002500,13
17167002600,13
17167002700,13
17167002801,13
17167002802,13
17167002900,13
17167003000,13
17167003100,13
17167003201,13
17167003202,13
17167003203,13
17167003300,13
17167003400,13
17167003500,15
17167003601,15
17167003602,15
17167003603,15
17167003604,15
17167003701,15
17167003702,15
17167003801,15
17167003802,15
17167003901,13
17167003902,13
17167004000,13
17167004200,13
17169970100,15
17169970200,15
17169970300,15
17171970600,15
17171970700,15
17173959100,15
17173959200,15
17173959300,15
17173959400,15
17173959500,15
17173959600,15
17175951400,16
17175951500,16
17177000100,16
17177000200,16
17177000300,16
17177000400,17
17177000500,17
17177000600,17
17177000700,17
17177000800,17
17177000900,17
17177001000,17
17177001100,17
17177001200,17
17177001300,17
17179020100,16
17179020301,16
17179020302,16
17179020400,16
17179020500,16
17179020600,16
17179020700,16
17179020800,16
17179020900,17
17179021000,16
17179021101,16
17179021102,16
17179021201,16
17179021202,16
17179021203,16
17179021500,16
17179021603,16
17179021604,16
17179021605,16
17179021606,16
17179021701,16
17179021702,16
17179021801,17
17179021802,17
17179021900,17
17179022000,17
17179022100,16
17179022200,16
17179022300,16
17179022400,16
17181950100,12
17181950200,12
17181950300,12
17181950400,12
17181950500,12
17183000100,2
17183000200,2
17183000300,2
17183000400,2
17183000500,2
17183000600,2
17183000700,2
17183000800,2
17183000900,2
17183001200,2
17183001300,2
17183010100,2
17183010200,2
17183010300,2
17183010400,2
17183010500,2
17183010600,2
17183010701,2
17183010702,2
17183010800,2
17183010900,15
17183011000,15
17183011100,15
17183011200,2
17185957200,12
17185957500,12
17185957300,12
17185957400,12
17187870100,15
17187870200,15
17187870300,17
17187870400,17
17187870500,17
17189950100,12
17189950200,12
17189950300,12
17189950400,12
17191954900,12
17191955000,12
17191955100,12
17191955200,12
17191955300,12
17193958000,12
17193958100,12
17193958200,12
17193958300,12
17193958400,12
17195000100,17
17195000200,17
17195000300,17
17195000400,17
17195000500,17
17195000600,17
17195000700,17
17195000800,17
17195000900,17
17195001000,17
17195001101,17
17195001102,17
17195001200,17
17195001300,17
17195001400,17
17195001500,17
17195001600,17
17195001700,17
17195001800,17
17197880105,11
17197880106,11
17197880107,11
17197880109,11
17197880111,11
17197880112,11
17197880113,11
17197880114,11
17197880115,11
17197880116,11
17197880117,11
17197880118,11
17197880119,11
17197880122,11
17197880123,11
17197880124,11
17197880125,11
17197880202,11
17197880203,14
17197880204,14
17197880303,14
17197880304,14
17197880305,14
17197880307,14
17197880309,14
17197880314,14
17197880315,14
17197880316,14
17197880317,14
17197880318,14
17197880319,14
17197880320,14
17197880321,14
17197880322,14
17197880323,14
17197880324,14
17197880325,14
17197880326,14
17197880408,14
17197880411,14
17197880412,14
17197880414,14
17197880416,14
17197880417,14
17197880418,14
17197880421,14
17197880422,14
17197880423,14
17197880424,14
17197880425,14
17197880426,14
17197880427,14
17197880428,14
17197880429,14
17197880430,14
17197880431,14
17197880432,14
17197880502,1
17197880503,14
17197880508,14
17197880509,14
17197880510,14
17197880511,14
17197880601,1
17197880602,14
17197880701,14
17197880702,14
17197880901,14
17197880903,14
17197880905,14
17197881001,1
17197881002,1
17197881005,1
17197881006,1
17197881007,1
17197881009,1
17197881010,1
17197881011,6
17197881012,1
17197881105,1
17197881107,1
17197881108,1
17197881109,1
17197881111,1
17197881112,1
17197881113,1
17197881115,1
17197881116,1
17197881201,14
17197881202,14
17197881301,14
17197881302,14
17197881401,14
17197881402,14
17197881500,14
17197881601,14
17197881603,14
17197881604,14
17197881700,14
17197881800,14
17197881900,14
17197882000,14
17197882100,14
17197882200,14
17197882300,14
17197882400,14
17197882500,14
17197882601,14
17197882602,14
17197882701,14
17197882702,14
17197882801,14
17197882802,14
17197882900,14
17197883000,14
17197883100,14
17197883206,14
17197883208,14
17197883209,14
17197883210,14
17197883211,14
17197883212,14
17197883213,14
17197883214,14
17197883216,14
17197883217,14
17197883218,14
17197883219,14
17197883303,16
17197883304,1
17197883305,1
17197883306,1
17197883307,14
17197883401,1
17197883402,1
17197883504,1
17197883505,1
17197883507,1
17197883509,1
17197883510,1
17197883511,1
17197883513,1
17197883514,1
17197883515,1
17197883516,1
17197883517,1
17197883519,1
17197883521,1
17197883522,1
17197883602,2
17197883603,2
17197883605,2
17197883606,2
17197883700,2
17197883803,2
17197883804,2
17197883806,2
17197883808,2
17197883809,2
17197883810,2
17197883811,2
17197883902,2
17197883903,2
17197883904,1
17197884003,1
17197884004,1
17197884005,1
17197884006,1
17197884101,14
17197884103,14
17197980000,1
17197980100,14
17199020100,12
17199020201,12
17199020202,12
17199020300,12
17199020400,12
17199020500,12
17199020600,12
17199020700,12
17199020801,12
17199020802,12
17199020900,12
17199021001,12
17199021002,12
17199021003,12
17199021100,12
17199021200,12
17199021300,12
17199021400,12
17201000101,16
17201000103,16
17201000104,16
17201000105,16
17201000200,17
17201000300,17
17201000401,17
17201000402,17
17201000403,17
17201000501,17
17201000502,17
17201000506,16
17201000507,17
17201000510,17
17201000511,16
17201000512,16
17201000513,16
17201000514,16
17201000515,16
17201000516,17
17201000600,17
17201000700,17
17201000800,17
17201001000,17
17201001100,17
17201001200,17
17201001300,17
17201001400,17
17201001500,17
17201001600,17
17201001700,17
17201001800,17
17201001900,17
17201002000,17
17201002100,17
17201002200,17
17201002301,16
17201002302,17
17201002400,17
17201002500,17
17201002600,17
17201002700,17
17201002800,17
17201002900,17
17201003000,17
17201003100,17
17201003200,17
17201003300,17
17201003400,17
17201003500,17
17201003601,16
17201003602,17
17201003604,17
17201003605,17
17201003606,17
17201003705,16
17201003706,16
17201003707,16
17201003708,17
17201003709,17
17201003710,16
17201003711,17
17201003801,16
17201003805,16
17201003806,16
17201003808,16
17201003809,16
17201003810,17
17201003811,16
17201003901,16
17201003903,16
17201003904,16
17201004002,16
17201004003,16
17201004004,16
17201004005,16
17201004100,16
17201004200,17
17201004300,17
17201980000,17
17203030100,16
17203030200,16
17203030300,16
17203030400,16
17203030501,16
17203030502,16
17203030601,16
17203030602,16
17203030700,16